,continent,mortality_rate
0,Africa,14.496758432513014
1,Asia,7.1578415856786295
2,Europe,1.4756141145769115
3,North America,4.938387797860539
4,Oceania,5.0670920992838715
5,South America,5.923199993406024
